2016-06-20 10:40:38.421000,0146240113,0,00000000
2016-07-15 10:32:57.671000,0123950851,0,00000000
2016-07-15 10:34:52.406000,0114592385,0,00000000
2016-07-15 10:36:28.906000,0131737320,0,00000000
2016-07-15 10:36:51.093000,0181645659,0,00000000
2016-07-15 10:37:11.781000,0158840464,0,00000000
2016-07-15 10:37:27.828000,0118373310,0,00000000
2016-07-15 10:37:49.875000,0123662004,0,00000000
2016-07-15 10:38:11.781000,0189634645,0,00000000
2016-07-15 10:38:28.609000,0197133186,0,00000000
2016-07-15 10:38:45.906000,0138730024,0,00000000
2016-07-15 10:39:01.265000,0162612189,0,00000000
2016-07-15 10:39:19.296000,0177759415,0,00000000
2016-07-15 10:39:34.031000,0161155699,0,00000000
2016-07-15 10:39:49.140000,0197059017,0,00000000
2016-07-15 10:40:13.781000,0117148053,0,00000000
2016-07-15 10:40:33.968000,0132393482,0,00000000
2016-07-15 10:40:58.281000,0163008015,0,00000000
2016-07-15 10:41:12.734000,0170067253,0,00000000
2016-07-15 10:41:31.453000,0145839073,0,00000000
2016-07-15 10:41:58.375000,0111376222,0,00000000
2016-07-15 10:42:17.140000,0169945760,0,00000000
2016-07-15 10:42:35.937000,0173299785,0,00000000
2016-07-15 10:42:57.421000,0183606299,0,00000000
2016-07-15 10:43:21.125000,0136896558,0,00000000
2016-07-15 10:43:43.609000,0144917184,0,00000000
2016-07-15 10:44:02.765000,0126721219,0,00000000
2016-07-15 10:44:21.625000,0185914319,0,00000000
2016-07-15 10:44:39.687000,0154761409,14,0
2016-07-15 10:44:39.703000,0154761409,15,0
2016-07-15 10:45:03.843000,0154761409,0,00000000
2016-07-15 10:46:14.296000,0140566248,0,00000000
2016-07-15 10:47:10.296000,0137691263,0,00000000
2016-07-15 10:47:53.140000,0148175751,0,00000000
2016-07-15 10:48:12.578000,0129997033,0,00000000
2016-07-15 10:48:29.937000,0152008265,20,0
2016-07-15 10:48:37.062000,0152008265,20,0
2016-07-15 10:48:49.046000,0152008265,0,00000000
2016-07-15 10:49:05.921000,0104430697,0,00000000
2016-07-15 10:49:25.718000,0174512472,0,00000000
2016-07-15 10:49:43.859000,0177337091,0,00000000
2016-07-15 10:49:59.796000,0190468116,0,00000000
2016-07-15 10:50:17.437000,0117938030,0,00000000
2016-07-15 10:50:38.093000,0166601698,0,00000000
2016-07-15 10:50:59.453000,0156362121,0,00000000
2016-07-15 10:51:20.250000,0107677438,0,00000000
2016-07-15 10:51:38.406000,0194570103,0,00000000
2016-07-15 10:53:39.781000,0114076105,2,0
2016-07-15 11:24:14.796000,0114076105,0,00000000
2016-07-15 11:24:40.359000,0160686593,0,00000000
2016-07-15 11:25:01.156000,0161389952,0,00000000
2016-07-15 11:25:16.109000,0132221097,0,00000000
2016-07-15 11:25:31.531000,0111559860,0,00000000
2016-07-15 11:25:50.812000,0121723765,0,00000000
2016-07-15 11:26:08.765000,0109843479,0,00000000
2016-07-15 11:26:28.656000,0171015510,0,00000000
2016-07-15 11:26:44.390000,0175419635,0,00000000
2016-07-15 11:27:01.906000,0107723280,0,00000000
2016-07-15 11:27:17.781000,0134831691,0,00000000
2016-07-15 11:28:13.578000,0169678963,0,00000000
2016-07-15 11:29:02,0168732236,0,00000000
2016-07-15 11:29:29.718000,0124930675,20,0
2016-07-15 11:29:54.734000,0124930675,0,00000000
2016-07-15 11:30:16.156000,0136307362,0,00000000
2016-07-15 11:30:30.750000,0114879637,0,00000000
2016-07-15 11:30:48.312000,0165442396,0,00000000
2016-07-15 11:31:41.421000,0122677360,0,00000000
2016-07-15 11:32:18.156000,0131469042,0,00000000
2016-07-15 11:32:54.828000,0180998894,0,00000000
2016-07-15 11:33:14.937000,0118554127,0,00000000
2016-07-15 11:33:31.562000,0101884558,0,00000000
2016-07-15 11:34:11.421000,0185144823,0,00000000
2016-07-15 11:34:29.500000,0151660166,0,00000000
2016-07-15 11:35:07.703000,0111267539,0,00000000
2016-07-15 11:35:28.265000,0130423151,0,00000000
2016-07-15 11:35:46.609000,0129275394,0,00000000
2016-07-15 11:37:47.984000,0120107644,2,0
2016-07-15 11:38:09.765000,0120107644,0,00000000
2016-07-15 11:38:36.859000,0178052052,0,00000000
2016-07-15 11:38:52.625000,0120256433,0,00000000
2016-07-15 11:39:09.421000,0195276686,0,00000000
2016-07-15 11:39:25.671000,0160975244,0,00000000
2016-07-15 11:39:41.062000,0101622366,0,00000000
2016-07-15 11:40:00.578000,0196391377,0,00000000
2016-07-15 11:40:15.609000,0178332605,0,00000000
2016-07-15 11:40:31.796000,0192896193,0,00000000
2016-07-15 11:40:52.531000,0136110115,0,00000000
2016-07-15 11:41:12.703000,0121257029,0,00000000
2016-07-15 11:41:44.687000,0106820912,0,00000000
2016-07-15 11:42:43.687000,0174814362,0,00000000
2016-07-15 11:42:59.140000,0102755380,0,00000000
2016-07-15 11:43:13.578000,0158178740,0,00000000
2016-07-15 11:43:39.656000,0169423710,0,00000000
2016-07-15 11:43:53.468000,0188706347,0,00000000
2016-07-15 11:44:17.484000,0193657463,0,00000000
2016-07-15 11:44:41.859000,0197565888,0,00000000
2016-07-15 11:45:01.750000,0153250102,0,00000000
2016-07-15 11:45:30.375000,0137992300,0,00000000
2016-07-15 11:45:51.484000,0112087695,0,00000000
2016-07-15 11:46:13.750000,0192181306,0,00000000
2016-07-15 11:46:31.484000,0154260340,0,00000000
2016-07-15 11:46:52.359000,0149907117,0,00000000
2016-07-15 11:47:07.093000,0136752482,0,00000000
2016-07-15 11:47:22.562000,0176710846,0,00000000
2016-07-15 11:47:37.453000,0134186920,0,00000000
2016-07-15 11:48:02.562000,0116198276,0,00000000
2016-07-15 11:48:18.781000,0151849915,0,00000000
2016-07-15 11:48:36.546000,0167923141,0,00000000
2016-07-15 11:48:51.921000,0153230773,0,00000000
2016-07-15 11:49:08.453000,0120299523,0,00000000
2016-07-15 11:49:22.343000,0145012198,0,00000000
2016-07-15 11:49:42.328000,0101218061,0,00000000
2016-07-15 11:51:43.718000,0129923346,2,0
2016-07-15 11:55:38.484000,0129923346,0,00000000
2016-07-15 11:56:51.328000,0193473499,0,00000000
2016-07-15 11:57:08.250000,0120294342,0,00000000
2016-07-15 11:57:37.390000,0144392394,0,00000000
2016-07-15 11:57:54.640000,0109702873,0,00000000
2016-07-15 11:58:10.406000,0169663211,0,00000000
2016-07-15 11:58:53.656000,0182116796,0,00000000
2016-07-15 11:59:11.671000,0130041705,0,00000000
2016-07-15 11:59:30.171000,0149577481,0,00000000
2016-07-15 11:59:47.046000,0184893339,0,00000000
2016-07-15 12:00:04.093000,0105766555,0,00000000
2016-07-15 12:00:23.375000,0155807934,0,00000000
2016-07-15 12:00:38.218000,0181868078,0,00000000
2016-07-15 12:01:13.718000,0141973269,0,00000000
2016-07-15 12:03:31.125000,0198044391,0,00000000
2016-07-15 12:03:59.421000,0129967571,0,00000000
2016-07-15 12:04:55.671000,0132840353,0,00000000
2016-07-15 12:05:39.687000,0125077869,0,00000000
2016-07-15 12:05:58.937000,0117112172,0,00000000
2016-07-15 12:06:21.843000,0159899950,0,00000000
2016-07-15 12:06:46.328000,0127457752,0,00000000
2016-07-15 12:07:11.046000,0150447056,0,00000000
2016-07-15 12:07:36.359000,0151686627,0,00000000
2016-07-15 12:08:00.531000,0167568750,0,00000000
2016-07-15 12:08:44.921000,0127447808,0,00000000
2016-07-15 12:09:03.671000,0159325634,0,00000000
2016-07-15 12:11:05.062000,0105669728,2,0
2016-07-15 12:13:03.343000,0105669728,14,0
2016-07-15 12:13:03.359000,0105669728,15,0
2016-07-15 12:13:21.875000,0105669728,0,00000000
2016-07-15 12:13:43.796000,0186187710,0,00000000
2016-07-15 12:14:02.593000,0179507829,0,00000000
2016-07-15 12:14:18.250000,0128231479,0,00000000
2016-07-15 12:15:04.140000,0148691683,0,00000000
2016-07-15 12:15:55.875000,0103580328,0,00000000
2016-07-15 12:16:29.937000,0141921446,0,00000000
2016-07-15 12:16:52.156000,0157128861,0,00000000
2016-07-15 12:17:11.734000,0150192040,0,00000000
2016-07-15 12:17:32.531000,0128188895,0,00000000
2016-07-15 12:17:48.718000,0101880700,0,00000000
2016-07-15 12:18:08.437000,0199094208,0,00000000
2016-07-15 12:18:27,0187964239,0,00000000
2016-07-15 12:18:41.421000,0151843730,0,00000000
2016-07-15 12:18:56.406000,0103436245,0,00000000
2016-07-15 12:19:17.734000,0117194843,0,00000000
2016-07-15 12:19:37.984000,0179777677,0,00000000
2016-07-15 12:19:51.250000,0184661666,20,0
2016-07-15 12:19:56.921000,0184661666,20,0
2016-07-15 12:20:01.953000,0184661666,20,0
2016-07-15 12:20:11.703000,0184661666,10,0
2016-07-15 12:20:37.250000,0184661666,0,00000000
2016-07-15 12:20:59.500000,0194118674,0,00000000
2016-07-15 12:21:26.734000,0132031991,0,00000000
2016-07-15 12:22:10.453000,0118079818,0,00000000
2016-07-15 12:22:25.421000,0110994576,0,00000000
2016-07-15 12:22:47.906000,0169958392,0,00000000
2016-07-15 12:23:05.734000,0156368392,0,00000000
2016-07-15 12:23:23.328000,0111945626,0,00000000
2016-07-15 12:24:01.812000,0182996413,0,00000000
2016-07-15 12:24:18.343000,0119571697,0,00000000
2016-07-15 12:24:56.843000,0145370089,0,00000000
2016-07-15 12:25:12.093000,0153688461,0,00000000
2016-07-15 12:25:27.750000,0114055880,0,00000000
2016-07-15 12:25:46.187000,0106047312,0,00000000
2016-07-15 12:26:01.687000,0129882171,0,00000000
2016-07-15 12:26:16.984000,0197783443,0,00000000
2016-07-15 12:26:58.640000,0109251516,0,00000000
2016-07-15 12:27:13.703000,0162745234,0,00000000
2016-07-15 12:27:30.468000,0170897167,0,00000000
2016-07-15 12:27:39.078000,0140914739,0,00000000
2016-07-15 12:28:10.687000,0162341826,0,00000000
2016-07-15 12:28:26.343000,0103821288,0,00000000
2016-07-15 12:28:50.953000,0116738777,0,00000000
2016-07-15 12:28:56.890000,0136123622,0,00000000
2016-07-15 12:29:22,0161382858,0,00000000
2016-07-15 12:29:29.609000,0145522681,0,00000000
2016-07-15 12:29:40.343000,0188267762,0,00000000
2016-07-15 12:29:50.812000,0198554594,0,00000000
2016-07-15 12:30:38.390000,0130168234,0,00000000
2016-07-15 12:30:54.421000,0184966570,0,00000000
2016-07-15 12:31:08.781000,0128114599,0,00000000
2016-07-15 12:31:15.031000,0178663858,0,00000000
2016-07-15 12:32:14.968000,0147580547,0,00000000
2016-07-15 12:32:20.781000,0110536644,0,00000000
2016-07-15 12:32:36.781000,0128749310,0,00000000
2016-07-15 12:32:51.046000,0175918761,0,00000000
2016-07-15 12:33:07.687000,0171813522,0,00000000
2016-07-15 12:33:37.750000,0134708553,0,00000000
2016-07-15 12:33:48.968000,0197104479,0,00000000
2016-07-15 12:33:55.046000,0104242439,0,00000000
2016-07-15 12:34:03.921000,0154139044,0,00000000
2016-07-15 12:34:12.906000,0101205355,0,00000000
2016-07-15 12:34:53.531000,0141574715,0,00000000
2016-07-15 12:34:59.062000,0150431413,0,00000000
2016-07-15 12:35:10.968000,0121156828,0,00000000
2016-07-15 12:35:17.812000,0197898483,0,00000000
2016-07-15 12:35:27.890000,0111841832,0,00000000
2016-07-15 12:35:41.078000,0172684408,0,00000000
2016-07-15 12:37:42.437000,0113323446,2,0
2016-07-15 12:37:57.812000,0113323446,0,00000000
2016-07-15 12:38:23.640000,0154135147,0,00000000
2016-07-15 12:38:29.703000,0117254473,0,00000000
2016-07-15 12:38:48.609000,0155401351,0,00000000
2016-07-15 12:38:57.578000,0118992995,0,00000000
2016-07-15 12:40:58.937000,0120167856,2,0
2016-07-15 12:42:53.031000,0120167856,0,00000000
2016-07-15 12:43:10.609000,0152027248,0,00000000
2016-07-15 12:43:27.234000,0122963123,0,00000000
2016-07-15 12:43:41.312000,0118472540,0,00000000
2016-07-15 12:43:55.875000,0198338503,0,00000000
2016-07-15 12:44:11.375000,0186488807,0,00000000
2016-07-15 12:44:25.890000,0146373217,0,00000000
2016-07-15 12:44:40.828000,0160171058,0,00000000
2016-07-15 12:44:56.140000,0129182919,0,00000000
2016-07-15 12:45:11.328000,0115092273,0,00000000
2016-07-15 12:45:19.781000,0175839427,0,00000000
2016-07-15 12:46:18.312000,0128813220,0,00000000
2016-07-15 12:46:33.437000,0166802881,0,00000000
2016-07-15 12:46:53.125000,0162509583,0,00000000
2016-07-15 12:47:08.406000,0180871092,0,00000000
2016-07-15 12:47:27.562000,0168868795,0,00000000
2016-07-15 12:47:44.609000,0185366888,0,00000000
2016-07-15 12:48:09.640000,0133106501,0,00000000
2016-07-15 12:49:03.687000,0111261965,0,00000000
2016-07-15 12:49:18.968000,0125258314,0,00000000
2016-07-15 12:49:35.546000,0123756490,0,00000000
2016-07-15 12:49:52.421000,0127294715,0,00000000
2016-07-15 12:50:09.234000,0129246184,0,00000000
2016-07-15 12:50:29.906000,0176751287,0,00000000
2016-07-15 12:50:49.437000,0126821072,0,00000000
2016-07-15 12:51:06.312000,0119187452,0,00000000
2016-07-15 12:51:24.703000,0173048537,0,00000000
2016-07-15 12:51:39.875000,0160828137,0,00000000
2016-07-15 12:51:53.203000,0177784331,0,00000000
2016-07-15 12:52:10.718000,0160020307,0,00000000
2016-07-15 12:52:26.437000,0101402129,0,00000000
2016-07-15 12:52:42.734000,0187935977,0,00000000
2016-07-15 12:53:04.062000,0139372577,0,00000000
2016-07-15 12:53:20.593000,0136055687,0,00000000
2016-07-15 12:54:01.859000,0185073605,0,00000000
2016-07-15 12:54:44.609000,0114441183,0,00000000
2016-07-15 12:55:09,0109070827,0,00000000
2016-07-15 12:55:26.125000,0177877107,10,0
2016-07-15 12:55:46.906000,0177877107,0,00000000
2016-07-15 12:56:17.578000,0182525065,0,00000000
2016-07-15 12:56:53.921000,0140385400,0,00000000
2016-07-15 12:57:09.609000,0160752137,0,00000000
2016-07-15 12:57:37.718000,0199067964,0,00000000
2016-07-15 12:57:58.359000,0171222744,0,00000000
2016-07-15 12:58:14.281000,0144590178,0,00000000
2016-07-15 12:58:30.031000,0171350223,0,00000000
2016-07-15 12:58:46.312000,0127283406,0,00000000
2016-07-15 12:59:01.125000,0153798506,0,00000000
2016-07-15 12:59:17.156000,0198342405,0,00000000
2016-07-15 12:59:33.156000,0187115766,0,00000000
2016-07-15 13:00:06.296000,0158772911,0,00000000
2016-07-15 13:00:16.718000,0117059223,0,00000000
2016-07-15 13:00:23.921000,0182778907,0,00000000
2016-07-15 13:00:32.250000,0140638060,0,00000000
2016-07-15 13:00:39.453000,0179542530,0,00000000
2016-07-15 13:00:48.031000,0148843108,0,00000000
2016-07-15 13:00:58.781000,0142293729,0,00000000
2016-07-15 13:01:45.062000,0196192045,0,00000000
2016-07-15 13:01:50.562000,0138138324,0,00000000
2016-07-15 13:02:01.062000,0108262327,0,00000000
2016-07-15 13:02:11.781000,0110322032,0,00000000
2016-07-15 13:02:21.390000,0165650515,0,00000000
2016-07-15 13:02:33.546000,0174851726,0,00000000
2016-07-15 13:02:44.125000,0184356953,0,00000000
2016-07-15 13:02:52.718000,0127040752,0,00000000
2016-07-15 13:03:27.390000,0106280157,0,00000000
2016-07-15 13:03:33.359000,0150170305,0,00000000
2016-07-15 13:03:44.015000,0179705787,0,00000000
2016-07-15 13:03:52.484000,0104379714,0,00000000
2016-07-15 13:04:04.140000,0183358340,0,00000000
2016-07-15 13:04:21.187000,0196047512,0,00000000
2016-07-15 13:04:27.500000,0138736991,0,00000000
2016-07-15 13:06:28.875000,0104603909,2,0
2016-07-15 15:01:25.375000,0104603909,0,00000000
2016-07-15 15:01:43.546000,0141437124,0,00000000
2016-07-15 15:02:03.625000,0173479471,0,00000000
2016-07-15 15:02:20.359000,0161366581,0,00000000
2016-07-15 15:02:35.765000,0110694853,0,00000000
2016-07-15 15:03:17.890000,0158396030,0,00000000
2016-07-15 15:03:23.031000,0172325886,0,00000000
2016-07-15 15:03:32.562000,0111562515,0,00000000
2016-07-15 15:04:12.765000,0163583782,0,00000000
2016-07-15 15:04:18.218000,0177443165,0,00000000
2016-07-15 15:04:27.468000,0104458703,0,00000000
2016-07-15 15:04:40.109000,0133211229,0,00000000
2016-07-15 15:04:54.890000,0141537344,0,00000000
2016-07-15 15:05:01.375000,0133680585,0,00000000
2016-07-15 15:05:11.609000,0144396795,0,00000000
2016-07-15 15:05:20.484000,0165803913,0,00000000
2016-07-15 15:06:12.953000,0145442156,0,00000000
2016-07-15 15:06:18.750000,0157798031,0,00000000
2016-07-15 15:06:26.437000,0162613024,0,00000000
2016-07-15 15:06:46.312000,0157021652,0,00000000
2016-07-15 15:06:52.406000,0116783745,0,00000000
2016-07-15 15:06:59.515000,0115883678,0,00000000
2016-07-15 15:07:10.468000,0138970173,0,00000000
2016-07-15 15:07:18.937000,0112793139,0,00000000
2016-07-15 15:08:02.578000,0164302500,0,00000000
2016-07-15 15:08:08.156000,0118738963,0,00000000
2016-07-15 15:08:19.593000,0150238876,0,00000000
2016-07-15 15:08:26.812000,0175705748,0,00000000
2016-07-15 15:08:35.500000,0137558215,0,00000000
2016-07-15 15:08:44.296000,0152448449,0,00000000
2016-07-15 15:08:56.578000,0177719367,0,00000000
2016-07-15 15:09:11.531000,0134197346,14,0
2016-07-15 15:09:11.546000,0134197346,15,0
2016-07-15 15:10:12.656000,0134197346,0,00000000
2016-07-15 15:10:32.234000,0113963341,14,0
2016-07-15 15:10:32.250000,0113963341,15,0
2016-07-15 15:11:27.968000,0113963341,0,00000000
2016-07-15 15:12:02,0199341719,0,00000000
2016-07-15 15:12:14.250000,0131952650,0,00000000
2016-07-15 15:12:20.781000,0124841608,0,00000000
2016-07-15 15:12:30.218000,0150328417,0,00000000
2016-07-15 15:12:42.906000,0127713814,0,00000000
2016-07-15 15:12:50.734000,0103395232,0,00000000
2016-07-15 15:13:01.468000,0105854216,0,00000000
2016-07-15 15:13:53.578000,0196458418,0,00000000
2016-07-15 15:14:00.281000,0146146570,0,00000000
2016-07-15 15:14:20.875000,0108365294,0,00000000
2016-07-15 15:14:36.656000,0166110358,0,00000000
2016-07-15 15:14:51.312000,0123054806,0,00000000
2016-07-15 15:15:08.156000,0129991192,0,00000000
2016-07-15 15:15:28.578000,0144487145,0,00000000
2016-07-15 15:15:50.625000,0183291934,0,00000000
2016-07-15 15:15:58.546000,0191261992,0,00000000
2016-07-15 15:17:22.468000,0168972619,0,00000000
2016-07-15 15:18:26.187000,0162402773,0,00000000
2016-07-15 15:18:39.312000,0155678049,0,00000000
2016-07-15 15:18:56.312000,0194619833,0,00000000
2016-07-15 15:19:14.156000,0166675598,0,00000000
2016-07-15 15:19:29.265000,0190864235,0,00000000
2016-07-15 15:20:01.187000,0168667840,0,00000000
2016-07-15 15:20:29.328000,0181133215,0,00000000
2016-07-15 15:20:48.046000,0123695579,0,00000000
2016-07-15 15:20:59.859000,0136468238,0,00000000
2016-07-15 15:21:13.609000,0182899179,0,00000000
2016-07-15 15:21:29.250000,0102494577,0,00000000
2016-07-15 15:21:45.359000,0161356343,0,00000000
2016-07-15 15:22:02.875000,0174714839,0,00000000
2016-07-15 15:22:23.109000,0178158589,0,00000000
2016-07-15 15:23:18.343000,0165906951,0,00000000
2016-07-15 15:23:24.015000,0146798187,0,00000000
2016-07-15 15:23:39.625000,0192948082,0,00000000
2016-07-15 15:23:51.296000,0175244898,0,00000000
2016-07-15 15:25:52.687000,0164912807,2,0
2016-07-15 15:26:34.093000,0164912807,0,00000000
2016-07-15 15:26:52.765000,0147617028,0,00000000
2016-07-15 15:28:56.140000,0124905349,0,00000000
2016-07-15 15:30:12.187000,0117942416,0,00000000
2016-07-15 15:31:18.218000,0100274949,0,00000000
2016-07-15 15:31:23.812000,0153123700,0,00000000
2016-07-15 15:31:33.093000,0111781282,0,00000000
2016-07-15 15:31:48.296000,0104802543,0,00000000
2016-07-15 15:32:30.984000,0112556047,0,00000000
2016-07-15 15:33:23.062000,0110516318,0,00000000
2016-07-15 15:33:38.968000,0150743164,0,00000000
2016-07-15 15:33:55.421000,0177471083,0,00000000
2016-07-15 15:34:40.765000,0105165703,0,00000000
2016-07-15 15:34:49.687000,0117837577,0,00000000
2016-07-15 15:34:56.093000,0182705888,0,00000000
2016-07-15 15:35:03.390000,0100108349,0,00000000
2016-07-15 15:35:10.703000,0133965010,0,00000000
2016-07-15 15:35:19.625000,0125490177,0,00000000
2016-07-15 15:35:27.562000,0155065768,0,00000000
2016-07-15 15:35:35.437000,0197842353,0,00000000
2016-07-15 15:35:43.468000,0165552660,0,00000000
2016-07-15 15:36:23.281000,0111607237,0,00000000
2016-07-15 15:36:29.031000,0116805115,0,00000000
2016-07-15 15:36:37.765000,0128574968,0,00000000
2016-07-15 15:36:45.609000,0179137590,0,00000000
2016-07-15 15:37:08.750000,0193229129,0,00000000
2016-07-15 15:37:18.093000,0164346189,0,00000000
2016-07-15 15:37:28.281000,0103237932,0,00000000
2016-07-15 15:37:38.437000,0114586377,0,00000000
2016-07-15 15:38:20.734000,0103910817,0,00000000
2016-07-15 15:38:25.593000,0192382009,0,00000000
2016-07-15 15:38:35.078000,0147114275,0,00000000
2016-07-15 15:38:44.890000,0120992424,0,00000000
2016-07-15 15:38:55.171000,0115146159,0,00000000
2016-07-15 15:39:04.843000,0177671896,0,00000000
2016-07-15 15:39:13.328000,0101651580,0,00000000
2016-07-15 15:39:22.453000,0121774315,0,00000000
2016-07-15 15:39:33.468000,0139671892,0,00000000
2016-07-15 15:40:12.296000,0133223199,0,00000000
2016-07-15 15:40:25.546000,0132544268,0,00000000
2016-07-15 15:40:36.140000,0187068602,0,00000000
2016-07-15 15:40:42.359000,0181615106,0,00000000
2016-07-15 15:40:50.968000,0152047766,0,00000000
2016-07-15 15:40:59.937000,0124687946,0,00000000
2016-07-15 15:41:16.953000,0109797923,0,00000000
2016-07-15 15:41:25.578000,0165692940,0,00000000
2016-07-15 15:41:32.125000,0164286910,0,00000000
2016-07-15 15:42:51.203000,0199179743,0,00000000
2016-07-15 15:44:01.421000,0112574824,0,00000000
2016-07-15 15:44:06.250000,0101599098,0,00000000
2016-07-15 15:44:29.218000,0163065786,0,00000000
2016-07-15 15:44:44.203000,0175913252,0,00000000
2016-07-15 15:44:58.046000,0173612406,0,00000000
2016-07-15 15:45:08.453000,0100625375,0,00000000
2016-07-15 15:45:14.328000,0111649522,0,00000000
2016-07-15 15:45:23.015000,0178705925,0,00000000
2016-07-15 15:45:53.062000,0190111812,0,00000000
2016-07-15 15:46:07.640000,0160311927,0,00000000
2016-07-15 15:46:21.437000,0188166766,0,00000000
2016-07-15 15:46:30.437000,0101080433,0,00000000
2016-07-15 15:46:59.734000,0135740249,0,00000000
2016-07-15 15:49:01.093000,0118949837,2,0
2016-07-15 15:51:19.734000,0118949837,0,00000000
2016-07-15 15:51:25.890000,0118408258,0,00000000
2016-07-15 15:51:35.265000,0122934965,0,00000000
2016-07-15 15:51:44.375000,0125072839,0,00000000
2016-07-15 15:51:52.500000,0166561197,0,00000000
2016-07-15 15:52:01.343000,0131212736,0,00000000
2016-07-15 15:52:08.718000,0177631213,0,00000000
2016-07-15 15:52:16.828000,0180592175,0,00000000
2016-07-15 15:52:25.406000,0102279160,0,00000000
2016-07-15 15:52:39.109000,0162867824,0,00000000
2016-07-15 15:53:25.625000,0166128043,0,00000000
2016-07-15 15:53:30.937000,0106601352,0,00000000
2016-07-15 15:53:44.937000,0129240845,0,00000000
2016-07-15 15:53:58.921000,0145083140,0,00000000
2016-07-15 15:54:12.625000,0115007117,0,00000000
2016-07-15 15:54:19.109000,0165287200,0,00000000
2016-07-15 15:54:28.656000,0181368551,0,00000000
2016-07-15 15:54:37.562000,0158759262,0,00000000
2016-07-15 15:55:43.125000,0119115356,0,00000000
2016-07-15 15:56:05.218000,0169062944,0,00000000
2016-07-15 15:56:22.984000,0150292058,0,00000000
2016-07-15 15:56:36.500000,0182282844,0,00000000
2016-07-15 15:57:00.078000,0102934650,0,00000000
2016-07-15 15:57:12.953000,0115834655,0,00000000
2016-07-15 15:57:26.406000,0157799144,0,00000000
2016-07-15 15:57:42.406000,0197598944,0,00000000
2016-07-15 15:57:56.203000,0105723917,0,00000000
2016-07-15 15:58:10.156000,0116007840,0,00000000
2016-07-15 15:58:26.812000,0184390579,0,00000000
2016-07-15 15:59:04.328000,0116903539,0,00000000
2016-07-15 15:59:10.234000,0132375772,0,00000000
2016-07-15 15:59:21.531000,0105244671,0,00000000
2016-07-15 15:59:30.093000,0195850771,0,00000000
2016-07-15 15:59:40.578000,0183958903,0,00000000
2016-07-15 15:59:52.203000,0161083378,0,00000000
2016-07-15 16:00:06.203000,0118285715,14,0
2016-07-15 16:00:06.218000,0118285715,15,0
2016-07-15 16:00:52.953000,0118285715,0,00000000
2016-07-15 16:00:58.125000,0120280401,0,00000000
2016-07-15 16:01:44.421000,0161153634,0,00000000
2016-07-15 16:02:03.593000,0163344161,0,00000000
2016-07-15 16:02:11.640000,0123318404,0,00000000
2016-07-15 16:02:18.453000,0198864655,0,00000000
2016-07-15 16:02:29.125000,0155385705,0,00000000
2016-07-15 16:02:38.453000,0161827020,0,00000000
2016-07-15 16:02:47.015000,0166691685,0,00000000
2016-07-15 16:02:54.609000,0161096722,0,00000000
2016-07-15 16:03:04.218000,0157745895,0,00000000
2016-07-15 16:03:12.906000,0172009794,0,00000000
2016-07-15 16:04:03.406000,0153261351,14,0
2016-07-15 16:04:03.421000,0153261351,15,0
2016-07-15 16:04:47.718000,0153261351,0,00000000
2016-07-15 16:05:02.140000,0145442586,0,00000000
2016-07-15 16:05:14.265000,0199219103,0,00000000
2016-07-15 16:05:20.421000,0183970048,0,00000000
2016-07-15 16:05:29.625000,0175753814,0,00000000
2016-07-15 16:05:39.734000,0147163633,0,00000000
2016-07-15 16:05:49.687000,0154862502,0,00000000
2016-07-15 16:05:58.265000,0111319878,0,00000000
2016-07-15 16:06:06.281000,0137844004,0,00000000
2016-07-15 16:06:17.875000,0186163845,0,00000000
2016-07-15 16:07:17.609000,0183457800,0,00000000
2016-07-15 16:07:23.921000,0176954031,0,00000000
2016-07-15 16:07:33.734000,0155941175,0,00000000
2016-07-15 16:07:42.218000,0165875038,0,00000000
2016-07-15 16:07:57.656000,0189968067,0,00000000
2016-07-15 16:08:09.312000,0139279489,0,00000000
2016-07-15 16:08:26.703000,0160185310,0,00000000
2016-07-15 16:08:31.828000,0173616472,0,00000000
2016-07-15 16:08:41.140000,0172137834,0,00000000
2016-07-15 16:09:01.640000,0157094650,0,00000000
2016-07-15 16:09:13.765000,0145245568,0,00000000
2016-07-15 16:09:23.843000,0190143157,0,00000000
2016-07-15 16:09:34.265000,0113048901,0,00000000
2016-07-15 16:10:35.828000,0175998543,0,00000000
2016-07-15 16:10:43.718000,0173253813,0,00000000
2016-07-15 16:10:51.093000,0127396221,0,00000000
2016-07-15 16:10:59.093000,0195362580,0,00000000
2016-07-15 16:11:11.390000,0133061401,0,00000000
2016-07-15 16:11:21.421000,0104997803,0,00000000
2016-07-15 16:11:30.484000,0126281011,0,00000000
2016-07-15 16:11:39.234000,0100004326,0,00000000
2016-07-15 16:11:48.093000,0137379166,0,00000000
2016-07-15 16:11:58.359000,0123636663,0,00000000
2016-07-15 16:12:05.812000,0186884132,0,00000000
2016-07-15 16:12:14.437000,0133115090,0,00000000
2016-07-15 16:12:24.718000,0140819742,0,00000000
2016-07-15 16:13:31.718000,0137344818,0,00000000
2016-07-15 16:13:40.953000,0183196497,0,00000000
2016-07-15 16:14:08.828000,0182376234,0,00000000
2016-07-15 16:14:18.062000,0187103027,0,00000000
2016-07-15 16:14:37,0164533355,0,00000000
2016-07-15 16:14:50.812000,0116627890,0,00000000
2016-07-15 16:14:55.828000,0142246374,0,00000000
2016-07-15 16:15:03.156000,0199372440,0,00000000
2016-07-15 16:15:12.531000,0192074038,0,00000000
2016-07-15 16:15:21.281000,0106050834,0,00000000
2016-07-15 16:15:30.015000,0154599478,0,00000000
2016-07-15 16:15:39.406000,0120808573,0,00000000
2016-07-15 16:17:40.765000,0176430544,2,0
2016-07-15 16:36:34.250000,0176430544,0,00000000
2016-07-15 16:37:39.296000,0149074179,0,00000000
2016-07-15 16:37:45.031000,0193276859,0,00000000
2016-07-15 16:37:54.359000,0122961879,0,00000000
2016-07-15 16:38:03.125000,0181683650,0,00000000
2016-07-15 16:38:14.031000,0187845629,0,00000000
2016-07-15 16:38:24.171000,0194548647,0,00000000
2016-07-15 16:38:33.281000,0105700816,0,00000000
2016-07-15 16:38:42.062000,0148353850,0,00000000
2016-07-15 16:39:30.453000,0102995047,0,00000000
2016-07-15 16:39:43.890000,0130813837,0,00000000
2016-07-15 16:39:51.937000,0129814940,0,00000000
2016-07-15 16:39:59.500000,0172031425,0,00000000
2016-07-15 16:40:08.031000,0110301250,0,00000000
2016-07-15 16:40:16.171000,0123961844,0,00000000
2016-07-15 16:40:23.921000,0143400814,0,00000000
2016-07-15 16:40:33.406000,0182446940,0,00000000
2016-07-15 16:40:41.546000,0160185579,0,00000000
2016-07-15 16:41:42.031000,0166328609,0,00000000
2016-07-15 16:41:46.468000,0172349750,0,00000000
2016-07-15 16:41:54.984000,0113099812,0,00000000
2016-07-15 16:42:02.859000,0188996874,0,00000000
2016-07-15 16:42:10.421000,0180548164,0,00000000
2016-07-15 16:42:24.359000,0168225712,0,00000000
2016-07-15 16:42:37.171000,0194044275,0,00000000
2016-07-15 16:42:50.046000,0180975245,0,00000000
2016-07-15 16:43:00.890000,0137097522,0,00000000
2016-07-15 16:43:11.968000,0178672952,0,00000000
2016-07-15 16:44:09.484000,0165186721,0,00000000
2016-07-15 16:44:17.500000,0136079251,0,00000000
2016-07-15 16:44:37.953000,0184306531,0,00000000
2016-07-15 16:45:00.734000,0173011053,0,00000000
2016-07-15 16:45:08.953000,0165802940,0,00000000
2016-07-15 16:45:16.484000,0123051449,0,00000000
2016-07-15 16:45:26.140000,0110882497,0,00000000
2016-07-15 16:45:39.140000,0166356332,0,00000000
2016-07-15 16:47:40.515000,0132916169,2,0
2016-07-15 16:51:11.015000,0132916169,0,00000000
2016-07-15 16:51:19.140000,0118411387,0,00000000
2016-07-15 16:51:29.296000,0140890044,0,00000000
2016-07-15 16:51:39.906000,0186801452,0,00000000
2016-07-15 16:52:42.734000,0128674717,0,00000000
2016-07-15 16:52:53.890000,0110850432,0,00000000
2016-07-15 16:53:00.390000,0155939697,0,00000000
2016-07-15 16:53:10.203000,0172054720,0,00000000
2016-07-15 16:53:19.406000,0115531603,0,00000000
2016-07-15 16:53:25.671000,0109355303,20,0
2016-07-15 16:53:35.921000,0109355303,20,0
2016-07-15 16:53:45.656000,0109355303,0,00000000
2016-07-15 16:54:02.328000,0133922041,0,00000000
2016-07-15 16:54:15.390000,0118443275,0,00000000
2016-07-15 16:54:28,0197603994,0,00000000
2016-07-15 16:54:34.609000,0147607491,0,00000000
2016-07-15 16:54:45.906000,0139239840,0,00000000
2016-07-15 16:55:05.984000,0183612550,0,00000000
2016-07-15 16:56:12.640000,0111493430,0,00000000
2016-07-15 16:56:24.921000,0114398781,0,00000000
2016-07-15 16:56:32.156000,0169795685,0,00000000
2016-07-15 16:56:38.062000,0155936891,0,00000000
2016-07-15 16:56:48.640000,0173471575,0,00000000
2016-07-15 16:56:57.468000,0102264585,0,00000000
2016-07-15 16:57:06.125000,0178318242,0,00000000
2016-07-15 16:57:15.625000,0174236169,0,00000000
2016-07-15 16:57:25.953000,0181210843,0,00000000
2016-07-15 16:57:34.734000,0110215259,0,00000000
2016-07-15 16:58:31.796000,0129822712,0,00000000
2016-07-15 16:58:39.390000,0183948137,0,00000000
2016-07-15 16:58:48.234000,0139097466,0,00000000
2016-07-15 16:58:55.984000,0193927800,0,00000000
2016-07-15 16:59:05.187000,0177838211,0,00000000
2016-07-15 16:59:12.437000,0118969887,0,00000000
2016-07-15 16:59:21.109000,0118469015,0,00000000
2016-07-15 16:59:28.578000,0171094418,0,00000000
2016-07-15 16:59:38.109000,0124098900,0,00000000
2016-07-15 16:59:51.265000,0125932602,0,00000000
2016-07-15 17:00:48.703000,0179856841,0,00000000
2016-07-15 17:00:55.796000,0114325517,0,00000000
2016-07-15 17:01:08.359000,0112208561,0,00000000
2016-07-15 17:01:16.953000,0133890267,0,00000000
2016-07-15 17:01:25.468000,0115712840,0,00000000
2016-07-15 17:01:33.250000,0148384909,0,00000000
2016-07-15 17:01:42.453000,0178748241,0,00000000
2016-07-15 17:01:56.296000,0128037395,0,00000000
2016-07-15 17:02:10.593000,0149754640,0,00000000
2016-07-15 17:02:17.765000,0102147426,0,00000000
2016-07-15 17:03:24.921000,0129004200,0,00000000
2016-07-15 17:03:32.671000,0179164718,0,00000000
2016-07-15 17:03:39.906000,0193739950,0,00000000
2016-07-15 17:03:49.109000,0134261797,0,00000000
2016-07-15 17:03:57.781000,0117373326,0,00000000
2016-07-15 17:04:07.515000,0112365613,0,00000000
2016-07-15 17:04:16.203000,0186330170,0,00000000
2016-07-15 17:04:25.328000,0113268495,0,00000000
2016-07-15 17:04:33.875000,0182411264,0,00000000
2016-07-15 17:04:42.765000,0144508955,0,00000000
2016-07-15 17:04:54.078000,0134632013,0,00000000
2016-07-15 17:05:18.203000,0169776067,0,00000000
2016-07-15 17:05:35.843000,0115103740,0,00000000
2016-07-15 17:06:35.578000,0119997429,0,00000000
2016-07-15 17:06:41.359000,0100531776,0,00000000
2016-07-15 17:06:53.437000,0131960312,0,00000000
2016-07-15 17:07:06.281000,0181808238,0,00000000
2016-07-15 17:07:12.875000,0127351848,0,00000000
2016-07-15 17:07:23.093000,0161301572,0,00000000
2016-07-15 17:07:41.484000,0158912292,0,00000000
2016-07-15 17:07:59.546000,0198634489,0,00000000
2016-07-15 17:10:00.921000,0149799947,2,0
2016-07-15 18:52:41.609000,0149799947,0,00000000
2016-07-15 18:52:48.171000,0128391074,0,00000000
2016-07-15 18:52:54.093000,0139962716,0,00000000
2016-07-15 18:54:02.703000,0152899884,0,00000000
2016-07-15 18:54:33.953000,0111795922,0,00000000
2016-07-15 18:54:39.781000,0176709763,0,00000000
2016-07-15 18:55:04.187000,0125916056,0,00000000
2016-07-15 18:55:19.796000,0150641345,0,00000000
2016-07-15 18:55:38.062000,0120580486,0,00000000
2016-07-15 18:55:53.687000,0165655945,0,00000000
2016-07-15 18:56:10.515000,0122459260,0,00000000
2016-07-15 18:56:24.562000,0126137387,0,00000000
2016-07-15 18:56:39.515000,0135185696,0,00000000
2016-07-15 18:56:55.031000,0132275229,0,00000000
2016-07-15 18:57:12.062000,0150463850,0,00000000
2016-07-15 18:58:00.796000,0172879696,0,00000000
2016-07-15 18:58:32.406000,0182966055,0,00000000
2016-07-15 18:58:45.875000,0159018043,0,00000000
2016-07-15 18:59:02.328000,0114310939,0,00000000
2016-07-15 18:59:16.890000,0177359318,0,00000000
2016-07-15 18:59:36.203000,0135090922,0,00000000
2016-07-15 18:59:52.125000,0139816343,0,00000000
2016-07-15 19:00:05.562000,0104814626,0,00000000
2016-07-15 19:00:19.046000,0183417196,0,00000000
2016-07-15 19:00:33.500000,0131086114,0,00000000
2016-07-15 19:00:47.921000,0183387646,0,00000000
2016-07-15 19:01:01.968000,0143134103,0,00000000
2016-07-15 19:01:17.250000,0178150867,0,00000000
2016-07-15 19:01:33.562000,0196935297,0,00000000
2016-07-15 19:01:48.750000,0174251216,0,00000000
2016-07-15 19:02:03.625000,0119682535,14,0
2016-07-15 19:02:03.656000,0119682535,15,0
2016-07-15 19:02:39.187000,0119682535,0,00000000
2016-07-15 19:04:38.328000,0150572014,0,00000000
2016-07-15 19:04:53.265000,0134377526,0,00000000
2016-07-15 19:05:05.281000,0132610567,0,00000000
2016-07-15 19:05:41.437000,0150187919,0,00000000
2016-07-15 19:05:51.609000,0122458765,0,00000000
2016-07-15 19:05:59.328000,0178647223,0,00000000
2016-07-15 19:06:08.062000,0120799106,0,00000000
2016-07-15 19:06:16.734000,0170279965,0,00000000
2016-07-15 19:06:24.656000,0195146214,0,00000000
2016-07-15 19:06:33.750000,0195642624,0,00000000
2016-07-15 19:06:45.359000,0145076901,0,00000000
2016-07-15 19:07:00.062000,0125100558,0,00000000
2016-07-15 19:07:28.046000,0156266819,0,00000000
2016-07-15 19:07:48.375000,0117982294,0,00000000
2016-07-15 19:08:33.812000,0119732771,0,00000000
2016-07-15 19:08:39.015000,0140655467,0,00000000
2016-07-15 19:08:46.796000,0107125553,0,00000000
2016-07-15 19:08:57.421000,0145454228,0,00000000
2016-07-15 19:09:10.937000,0193904151,0,00000000
2016-07-15 19:09:23.656000,0118585421,0,00000000
2016-07-15 19:09:31.546000,0106773628,0,00000000
2016-07-15 19:09:40.859000,0108014031,0,00000000
2016-07-15 19:09:48.843000,0147551809,0,00000000
2016-07-15 19:09:58.375000,0124469763,0,00000000
2016-07-15 19:11:00.843000,0118581577,0,00000000
2016-07-15 19:11:05.343000,0109193204,0,00000000
2016-07-15 19:11:15.078000,0109631128,0,00000000
2016-07-15 19:11:26.656000,0151709610,0,00000000
2016-07-15 19:11:34.656000,0128050650,0,00000000
2016-07-15 19:11:45.953000,0195441223,0,00000000
2016-07-15 19:11:54.484000,0180180890,0,00000000
2016-07-15 19:12:03.046000,0141205563,0,00000000
2016-07-15 19:12:13.031000,0159358276,0,00000000
2016-07-15 19:12:24.812000,0160159550,0,00000000
2016-07-15 19:12:34.140000,0107433010,10,0
2016-07-15 19:13:11.062000,0107433010,0,00000000
2016-07-15 19:15:16.328000,0155809527,2,0
2016-07-15 19:31:13.781000,0155809527,0,00000000
2016-07-15 19:31:20,0170836479,0,00000000
2016-07-15 19:32:07.500000,0160532869,0,00000000
2016-07-15 19:32:24.140000,0100785221,0,00000000
2016-07-15 19:32:41.718000,0141636574,0,00000000
2016-07-15 19:33:11.093000,0193682732,0,00000000
2016-07-15 19:33:17.937000,0184218670,0,00000000
2016-07-15 19:33:24.328000,0100219492,0,00000000
2016-07-15 19:33:38.375000,0136956888,15,0
2016-07-15 19:35:32.343000,0136956888,0,00000000
2016-07-15 19:35:45.500000,0173164347,0,00000000
2016-07-15 19:36:15.843000,0123982482,0,00000000
2016-07-15 19:36:59.640000,0174250958,0,00000000
2016-07-15 19:37:22.750000,0132311158,0,00000000
2016-07-15 19:37:40.781000,0154128012,0,00000000
2016-07-15 19:38:00,0175418612,0,00000000
2016-07-15 19:38:22.187000,0155170212,0,00000000
2016-07-15 19:38:41.265000,0152838916,0,00000000
2016-07-15 19:39:00.625000,0117197886,0,00000000
2016-07-15 19:39:19.640000,0151614091,0,00000000
2016-07-15 19:39:51.343000,0106677594,0,00000000
2016-07-15 19:40:08.593000,0112642189,0,00000000
2016-07-15 19:40:23.500000,0123166874,0,00000000
2016-07-15 19:40:37.671000,0184253619,0,00000000
2016-07-15 19:40:54.671000,0148546182,0,00000000
2016-07-15 19:41:37.906000,0126401799,0,00000000
2016-07-15 19:41:44.890000,0163148561,0,00000000
2016-07-15 19:41:53.656000,0186220079,0,00000000
2016-07-15 19:42:02.781000,0122483878,0,00000000
2016-07-15 19:42:13.406000,0131147672,0,00000000
2016-07-15 19:42:22.171000,0144821459,0,00000000
2016-07-15 19:42:30.484000,0101170641,0,00000000
2016-07-15 19:42:39.015000,0177921296,0,00000000
2016-07-15 19:43:11.078000,0107188191,0,00000000
2016-07-15 19:43:24.187000,0100460100,0,00000000
2016-07-15 19:44:03.968000,0177447238,0,00000000
2016-07-15 19:44:09.734000,0116513672,0,00000000
2016-07-15 19:44:19.078000,0109742589,0,00000000
2016-07-15 19:44:27.843000,0160384914,0,00000000
2016-07-15 19:44:37.281000,0112191060,0,00000000
2016-07-15 19:44:46.531000,0158021836,0,00000000
2016-07-15 19:44:55.531000,0191559247,0,00000000
2016-07-15 19:45:02.859000,0120939103,0,00000000
2016-07-15 19:45:12.531000,0100691304,0,00000000
2016-07-15 19:45:20.437000,0127001196,0,00000000
2016-07-15 19:46:51.562000,0152655347,0,00000000
2016-07-15 19:46:58.421000,0169947271,0,00000000
2016-07-15 19:47:08.953000,0140784133,0,00000000
2016-07-15 19:47:17.937000,0123347740,0,00000000
2016-07-15 19:47:27.390000,0188621413,0,00000000
2016-07-15 19:47:35.968000,0165259184,0,00000000
2016-07-15 19:47:45.140000,0174658749,0,00000000
2016-07-15 19:47:54.046000,0174592076,0,00000000
2016-07-15 19:48:02.734000,0194716331,0,00000000
2016-07-15 19:48:13.765000,0106095065,0,00000000
2016-07-15 19:48:24.718000,0195571567,0,00000000
2016-07-15 19:48:33.109000,0112098362,0,00000000
2016-07-15 19:49:26.296000,0136341407,0,00000000
2016-07-15 19:49:31.484000,0117355261,0,00000000
2016-07-15 19:49:41.187000,0139318613,0,00000000
2016-07-15 19:50:00.375000,0117192707,0,00000000
2016-07-15 19:50:09.703000,0110421074,0,00000000
2016-07-15 19:50:18.734000,0125852298,0,00000000
2016-07-15 19:50:34.937000,0171510634,0,00000000
2016-07-15 19:50:44.421000,0150886201,0,00000000
2016-07-15 19:50:54.921000,0150525872,0,00000000
2016-07-15 19:51:05.718000,0129081417,0,00000000
2016-07-15 19:51:15.890000,0152141063,0,00000000
2016-07-15 19:51:28.468000,0153976096,0,00000000
2016-07-15 19:53:29.859000,0125045202,2,0
2016-07-15 19:54:06.953000,0125045202,0,00000000
2016-07-15 19:54:12.921000,0174570097,0,00000000
2016-07-15 19:54:22.703000,0132138895,0,00000000
2016-07-15 19:54:32.593000,0129877901,0,00000000
2016-07-15 19:54:40.515000,0157088946,0,00000000
2016-07-15 19:54:48.468000,0194066815,0,00000000
2016-07-15 19:54:57.375000,0194718649,0,00000000
2016-07-15 19:55:06.218000,0125036290,0,00000000
2016-07-15 19:55:13.578000,0115344290,0,00000000
2016-07-15 19:55:23.609000,0115766387,0,00000000
2016-07-15 19:55:33.031000,0146896676,0,00000000
2016-07-15 19:56:34.359000,0179502983,0,00000000
2016-07-15 19:56:40.859000,0122720276,0,00000000
2016-07-15 19:56:49.906000,0134442071,0,00000000
2016-07-15 19:56:58.156000,0164109686,0,00000000
2016-07-15 19:57:08.265000,0180850145,0,00000000
2016-07-15 19:57:17.734000,0108098658,0,00000000
2016-07-15 19:57:26.656000,0138927054,0,00000000
2016-07-15 19:57:36.578000,0175838414,0,00000000
2016-07-15 19:57:45.109000,0157549042,0,00000000
2016-07-15 19:57:55.265000,0104970184,0,00000000
2016-07-15 19:58:05.031000,0182423794,0,00000000
2016-07-15 19:58:14.781000,0127371186,0,00000000
2016-07-15 19:58:59.265000,0178360246,0,00000000
2016-07-15 19:59:03.265000,0166097464,0,00000000
2016-07-15 19:59:12.343000,0132766879,0,00000000
2016-07-15 19:59:22.781000,0175852188,0,00000000
2016-07-15 19:59:32.703000,0127382146,0,00000000
2016-07-15 19:59:40.281000,0121844618,0,00000000
2016-07-15 19:59:49.828000,0190037228,0,00000000
2016-07-15 19:59:57.265000,0116823595,0,00000000
2016-07-15 20:00:16.750000,0128625292,0,00000000
2016-07-15 20:00:29.656000,0125624411,20,0
2016-07-15 20:00:33.312000,0125624411,20,0
2016-07-15 20:00:40.500000,0125624411,0,00000000
2016-07-15 20:01:21.390000,0148353936,0,00000000
2016-07-15 20:01:29.718000,0129476132,0,00000000
2016-07-15 20:01:37.375000,0101458108,0,00000000
2016-07-15 20:01:45.468000,0106551134,0,00000000
2016-07-15 20:01:54.468000,0190384881,0,00000000
2016-07-15 20:02:02.296000,0141123780,0,00000000
2016-07-15 20:02:11.843000,0104964151,0,00000000
2016-07-15 20:02:19.687000,0183309607,0,00000000
2016-07-15 20:02:28.375000,0152880230,0,00000000
2016-07-15 20:02:38.796000,0188573890,0,00000000
2016-07-15 20:02:47.375000,0101565710,0,00000000
2016-07-15 20:03:50.375000,0143002391,0,00000000
2016-07-15 20:03:56.093000,0100525771,0,00000000
2016-07-15 20:04:06,0164924020,0,00000000
2016-07-15 20:04:16.171000,0128690719,0,00000000
2016-07-15 20:04:27.125000,0112647505,0,00000000
2016-07-15 20:04:40.562000,0119365610,0,00000000
2016-07-15 20:04:50.046000,0125143790,0,00000000
2016-07-15 20:04:59.265000,0110715808,0,00000000
2016-07-15 20:05:07.968000,0190488507,0,00000000
2016-07-15 20:05:17.750000,0183848084,0,00000000
2016-07-15 20:05:28.796000,0192513347,0,00000000
2016-07-15 20:05:44.046000,0142652686,0,00000000
2016-07-15 20:07:45.406000,0184120331,2,0
2016-07-15 20:08:15.062000,0184120331,0,00000000
2016-07-15 20:08:21.609000,0122511524,0,00000000
2016-07-15 20:08:30.062000,0119644116,0,00000000
2016-07-15 20:08:39.640000,0100297119,0,00000000
2016-07-15 20:08:49.687000,0188151591,0,00000000
2016-07-15 20:08:58.562000,0114311308,0,00000000
2016-07-15 20:09:08.906000,0168088239,0,00000000
2016-07-15 20:09:19.906000,0166786627,0,00000000
2016-07-15 20:09:30.765000,0134064009,0,00000000
2016-07-15 20:09:41.171000,0178005990,0,00000000
2016-07-15 20:09:52.046000,0141416240,0,00000000
2016-07-15 20:11:29.546000,0151978751,0,00000000
2016-07-15 20:12:23,0100942330,0,00000000
2016-07-15 20:12:35,0184425088,0,00000000
2016-07-15 20:12:40.937000,0181412733,0,00000000
2016-07-15 20:12:50.656000,0123567537,0,00000000
2016-07-15 20:13:00.718000,0120165912,0,00000000
2016-07-15 20:13:09.687000,0198772664,0,00000000
2016-07-15 20:13:17.265000,0189864874,0,00000000
2016-07-15 20:13:25.953000,0117097933,0,00000000
2016-07-15 20:13:48.671000,0182949923,10,0
2016-07-15 20:14:12.390000,0182949923,0,00000000
2016-07-15 20:14:31.046000,0143880283,0,00000000
2016-07-15 20:14:44.921000,0105055208,0,00000000
2016-07-15 20:14:58.234000,0108327669,0,00000000
2016-07-15 20:15:34.468000,0158955121,0,00000000
2016-07-15 20:15:40.562000,0186904278,0,00000000
2016-07-15 20:15:48.468000,0158579555,0,00000000
2016-07-15 20:15:57.031000,0127015412,0,00000000
2016-07-15 20:16:06.218000,0137603405,0,00000000
2016-07-15 20:16:16.765000,0160007051,0,00000000
2016-07-15 20:16:23.718000,0191110104,0,00000000
2016-07-15 20:16:34.093000,0159289961,0,00000000
2016-07-15 20:16:43.234000,0101745914,0,00000000
2016-07-15 20:16:54.468000,0109918559,0,00000000
2016-07-15 20:17:05.781000,0120611244,0,00000000
2016-07-15 20:18:03.359000,0111385677,0,00000000
2016-07-15 20:18:16.296000,0157632417,0,00000000
2016-07-15 20:18:27.796000,0124678136,0,00000000
2016-07-15 20:18:41.953000,0173843461,0,00000000
2016-07-15 20:18:56.171000,0137636129,0,00000000
2016-07-15 20:19:10.312000,0102408539,0,00000000
2016-07-15 20:19:15.484000,0169122195,0,00000000
2016-07-15 20:19:23.609000,0168572884,0,00000000
2016-07-15 20:19:32.671000,0145900195,0,00000000
2016-07-15 20:19:42.015000,0192333823,0,00000000
2016-07-15 20:19:54.765000,0103330940,0,00000000
2016-07-15 20:21:09.625000,0125633529,0,00000000
2016-07-15 20:21:23.625000,0125591869,0,00000000
2016-07-15 20:21:27.656000,0116600726,0,00000000
2016-07-15 20:21:37.281000,0100224945,0,00000000
2016-07-15 20:21:46.046000,0185636578,0,00000000
2016-07-15 20:21:55.078000,0182920775,0,00000000
2016-07-15 20:22:04.093000,0142037400,0,00000000
2016-07-15 20:22:12.343000,0125686477,0,00000000
2016-07-15 20:22:21.109000,0152122114,0,00000000
2016-07-15 20:22:28.828000,0198491280,0,00000000
2016-07-15 20:22:39.015000,0162579394,0,00000000
2016-07-15 20:22:48.390000,0179175028,0,00000000
2016-07-15 20:23:02.296000,0197594312,0,00000000
2016-07-15 20:25:03.671000,0113870397,2,0
2016-07-15 20:25:17.500000,0113870397,0,00000000
2016-07-15 20:25:22.609000,0130450866,0,00000000
2016-07-15 20:25:31.156000,0164128834,0,00000000
2016-07-15 20:25:39.796000,0109433652,0,00000000
2016-07-15 20:25:48.390000,0175757437,0,00000000
2016-07-15 20:25:57.171000,0190529364,0,00000000
2016-07-15 20:26:06.984000,0135852113,0,00000000
2016-07-15 20:26:16.546000,0164583590,0,00000000
2016-07-15 20:26:25.781000,0122666478,0,00000000
2016-07-15 20:28:27.171000,0181089760,2,0
2016-07-15 20:29:27.484000,0181089760,0,00000000
2016-07-15 20:30:13.406000,0195999026,0,00000000
2016-07-15 20:30:21.453000,0194698602,0,00000000
2016-07-15 20:30:38.718000,0120805298,0,00000000
2016-07-15 20:30:48.203000,0101982093,0,00000000
2016-07-15 20:30:56.578000,0193008343,0,00000000
2016-07-15 20:31:05.390000,0147136663,0,00000000
2016-07-15 20:31:13.312000,0110666812,0,00000000
2016-07-15 20:31:21.750000,0176660468,0,00000000
2016-07-15 20:33:23.125000,0117032416,2,0
2016-07-15 20:33:48.093000,0117032416,0,00000000
2016-07-15 20:33:57.109000,0178884695,0,00000000
2016-07-15 20:34:03.734000,0188149577,0,00000000
2016-07-15 20:34:13.546000,0167716834,0,00000000
2016-07-15 20:34:21.359000,0185983733,0,00000000
2016-07-15 20:34:29.078000,0165976071,0,00000000
2016-07-15 20:34:40.531000,0169190656,0,00000000
2016-07-15 20:34:48.796000,0160238496,0,00000000
2016-07-15 20:34:56.687000,0150439254,0,00000000
2016-07-15 20:35:05.640000,0135182497,0,00000000
2016-07-15 20:35:21.703000,0185939593,0,00000000
2016-07-15 20:36:25.781000,0169477267,0,00000000
2016-07-15 20:36:31.781000,0133031121,0,00000000
2016-07-15 20:36:40.406000,0172741130,0,00000000
2016-07-15 20:36:51.375000,0159500617,0,00000000
2016-07-15 20:37:01.265000,0115875644,0,00000000
2016-07-15 20:37:11.484000,0177386603,0,00000000
2016-07-15 20:37:20.656000,0133725264,0,00000000
2016-07-15 20:37:30.156000,0196323877,0,00000000
2016-07-15 20:37:36.515000,0130286255,0,00000000
2016-07-15 20:38:05.562000,0100679099,0,00000000
2016-07-15 20:38:14.328000,0152340968,0,00000000
2016-07-15 20:39:11.890000,0172715009,0,00000000
2016-07-15 20:39:25.671000,0166287700,0,00000000
2016-07-15 20:39:30.531000,0188737511,0,00000000
2016-07-15 20:39:39.625000,0155211323,0,00000000
2016-07-15 20:39:49.546000,0100646276,0,00000000
2016-07-15 20:39:58.093000,0109269963,0,00000000
2016-07-15 20:40:07.546000,0145234836,0,00000000
2016-07-15 20:40:17.234000,0122729361,0,00000000
2016-07-15 20:40:26.937000,0186007991,0,00000000
2016-07-15 20:40:35.703000,0159708394,0,00000000
2016-07-15 20:40:44.531000,0140710092,0,00000000
2016-07-15 20:40:52.484000,0121347192,0,00000000
2016-07-15 20:41:48.531000,0196643300,0,00000000
2016-07-15 20:41:54.578000,0175842614,0,00000000
2016-07-15 20:42:05.593000,0158271982,0,00000000
2016-07-15 20:42:14.843000,0131464712,20,0
2016-07-15 20:42:30.359000,0131464712,20,0
2016-07-15 20:42:37.546000,0131464712,0,00000000
2016-07-15 20:42:42.750000,0185102266,0,00000000
2016-07-15 20:42:53.406000,0198975872,0,00000000
2016-07-15 20:43:04.265000,0170041269,0,00000000
2016-07-15 20:43:15.828000,0139317174,0,00000000
2016-07-15 20:43:24.875000,0107732537,0,00000000
2016-07-15 20:45:26.265000,0102175458,2,0
2016-07-15 20:50:02.484000,0102175458,0,00000000
2016-07-15 20:50:06.765000,0100950414,0,00000000
2016-07-15 20:51:07.500000,0113371154,0,00000000
2016-07-15 20:51:14.250000,0122133032,0,00000000
2016-07-15 20:51:22.562000,0103366705,0,00000000
2016-07-15 20:51:31.234000,0114100697,0,00000000
2016-07-15 20:51:40.296000,0118342125,0,00000000
2016-07-15 20:51:49.484000,0112124933,0,00000000
2016-07-15 20:51:58.468000,0126016510,0,00000000
2016-07-15 20:52:07.453000,0148178044,0,00000000
2016-07-15 20:52:17.718000,0135582720,0,00000000
2016-07-15 20:52:27.296000,0192246208,0,00000000
2016-07-15 20:52:35.687000,0129787228,0,00000000
2016-07-15 20:53:45.562000,0176225532,0,00000000
2016-07-15 20:54:01.140000,0151356323,0,00000000
2016-07-15 20:54:16.359000,0153055889,0,00000000
2016-07-15 20:54:21.531000,0177521459,0,00000000
2016-07-15 20:54:34.562000,0181668966,0,00000000
2016-07-15 20:54:43.187000,0197052927,0,00000000
2016-07-15 20:54:52.953000,0129209335,0,00000000
2016-07-15 20:55:49.828000,0196391378,0,00000000
2016-07-15 20:56:00.203000,0159027833,0,00000000
2016-07-15 20:56:10.546000,0100999313,0,00000000
2016-07-15 20:56:24.562000,0194371838,0,00000000
2016-07-15 20:56:55.781000,0148081272,0,00000000
2016-07-15 20:57:58.125000,0135183971,0,00000000
2016-07-15 20:58:05.796000,0155740470,14,0
2016-07-15 20:58:05.828000,0155740470,15,0
2016-07-15 20:58:38.968000,0155740470,0,00000000
2016-07-15 20:58:45.781000,0123103838,0,00000000
2016-07-15 20:58:56,0162202751,0,00000000
2016-07-15 20:59:06.671000,0199159466,0,00000000
2016-07-15 20:59:15.421000,0116765819,0,00000000
2016-07-15 20:59:25.062000,0175242347,0,00000000
2016-07-15 20:59:32.906000,0133110892,0,00000000
2016-07-15 20:59:42.109000,0155091365,0,00000000
2016-07-15 20:59:52.875000,0187224819,0,00000000
2016-07-15 21:00:48.484000,0182775560,0,00000000
2016-07-15 21:00:58.656000,0108715130,0,00000000
2016-07-15 21:01:05.343000,0154538787,0,00000000
2016-07-15 21:01:11.484000,0181581247,0,00000000
2016-07-15 21:01:18.546000,0198165410,0,00000000
2016-07-15 21:01:25.328000,0159808931,0,00000000
2016-07-15 21:01:32.828000,0157797721,0,00000000
2016-07-15 21:01:41.656000,0108274304,0,00000000
2016-07-15 21:01:49.218000,0101477381,0,00000000
2016-07-15 21:03:00,0103891076,0,00000000
2016-07-15 21:03:05.843000,0193639934,0,00000000
2016-07-15 21:03:14.656000,0185357807,0,00000000
2016-07-15 21:03:23.921000,0114774163,0,00000000
2016-07-15 21:03:33.343000,0129846470,0,00000000
2016-07-15 21:03:42.515000,0118666434,0,00000000
2016-07-15 21:03:52.468000,0152507673,0,00000000
2016-07-15 21:04:01.406000,0191608523,0,00000000
2016-07-15 21:04:10.281000,0184466254,0,00000000
2016-07-15 21:04:19.296000,0102911609,0,00000000
2016-07-15 21:04:27.468000,0169861259,0,00000000
2016-07-15 21:04:49.375000,0145013592,0,00000000
2016-07-15 21:05:10.984000,0150791609,0,00000000
2016-07-15 21:05:26.078000,0142894771,0,00000000
2016-07-15 21:07:07.656000,0185773766,0,00000000
2016-07-15 21:07:14.796000,0131788157,0,00000000
2016-07-15 21:07:24.312000,0133279477,0,00000000
2016-07-15 21:07:32.421000,0119140618,0,00000000
2016-07-15 21:08:23.625000,0146740883,0,00000000
2016-07-15 21:08:32.812000,0110828362,0,00000000
2016-07-15 21:08:43.640000,0119480816,0,00000000
2016-07-15 21:09:49.546000,0178658390,0,00000000
2016-07-15 21:09:56.953000,0190687330,0,00000000
2016-07-15 21:10:05.812000,0141410820,0,00000000
2016-07-15 21:10:16.125000,0159631599,0,00000000
2016-07-15 21:10:26.187000,0133762770,0,00000000
2016-07-15 21:10:37.031000,0131387413,0,00000000
2016-07-15 21:10:47.343000,0147660988,0,00000000
2016-07-15 21:10:56.703000,0114725513,0,00000000
2016-07-15 21:11:05.828000,0119311159,0,00000000
2016-07-15 21:11:16.093000,0164636777,0,00000000
2016-07-15 21:12:13.968000,0144122374,0,00000000
2016-07-15 21:12:30.578000,0143128825,0,00000000
2016-07-15 21:12:36.078000,0106738267,0,00000000
2016-07-15 21:12:46,0118340052,0,00000000
2016-07-15 21:12:55.468000,0197816668,0,00000000
2016-07-15 21:13:04.937000,0169406790,0,00000000
2016-07-15 21:13:14.828000,0172455737,0,00000000
2016-07-15 21:13:54.906000,0106173709,0,00000000
2016-07-15 21:14:02.671000,0105988824,0,00000000
2016-07-15 21:14:12.578000,0133871813,0,00000000
2016-07-15 21:14:24.796000,0164150355,0,00000000
2016-07-15 21:15:18.015000,0116808820,0,00000000
2016-07-15 21:15:41.156000,0116453131,0,00000000
2016-07-15 21:15:47.765000,0173984561,0,00000000
2016-07-15 21:15:58.578000,0187520268,0,00000000
2016-07-15 21:16:27.578000,0108029087,0,00000000
2016-07-15 21:16:37.015000,0139530304,0,00000000
2016-07-15 21:16:45.031000,0194237334,0,00000000
2016-07-15 21:16:53.656000,0162628914,0,00000000
2016-07-15 21:18:31.531000,0168539765,0,00000000
2016-07-15 21:18:59.281000,0148690502,0,00000000
2016-07-15 21:19:07.750000,0102475029,0,00000000
2016-07-15 21:19:15.765000,0159727303,0,00000000
2016-07-15 21:19:28.781000,0108393963,0,00000000
2016-07-15 21:19:36.687000,0104401704,0,00000000
2016-07-15 21:19:46.125000,0192810033,0,00000000
2016-07-15 21:19:55.218000,0164915014,0,00000000
2016-07-15 21:20:08.171000,0105448006,0,00000000
2016-07-15 21:22:09.546000,0179436021,2,0
2016-07-15 21:40:07.453000,0179436021,0,00000000
2016-07-15 21:40:18.984000,0113947582,0,00000000
2016-07-15 21:41:43.046000,0180106905,0,00000000
2016-07-15 21:41:55.359000,0115285568,0,00000000
2016-07-15 21:42:11.218000,0138169411,0,00000000
2016-07-15 21:42:18.187000,0153589017,0,00000000
2016-07-15 21:42:47.109000,0176320314,0,00000000
2016-07-15 21:43:10.906000,0184694561,0,00000000
2016-07-15 21:44:17.531000,0148075536,0,00000000
2016-07-15 21:44:41.531000,0198140494,0,00000000
2016-07-15 21:44:54.078000,0155885900,0,00000000
2016-07-15 21:45:15.468000,0180122549,0,00000000
2016-07-15 21:45:31.218000,0111298834,0,00000000
2016-07-15 21:45:45.656000,0157249219,0,00000000
2016-07-15 21:46:14.125000,0120227113,0,00000000
2016-07-15 21:46:28.500000,0107937089,20,0
2016-07-15 21:46:32.703000,0107937089,20,0
2016-07-15 21:47:13.968000,0107937089,0,00000000
2016-07-15 21:47:29.703000,0114183301,0,00000000
2016-07-15 21:47:44.343000,0160524318,0,00000000
2016-07-15 21:47:56.609000,0131290487,0,00000000
2016-07-15 21:48:01.203000,0164450391,0,00000000
2016-07-15 21:48:11.562000,0184579006,0,00000000
2016-07-15 21:48:21.562000,0177496242,0,00000000
2016-07-15 21:48:32.296000,0181849855,0,00000000
2016-07-15 21:48:44.718000,0109390111,0,00000000
2016-07-15 21:49:25.406000,0159290183,0,00000000
2016-07-15 21:50:18.656000,0171632561,0,00000000
2016-07-15 21:50:27.187000,0109947456,0,00000000
2016-07-15 21:50:36.687000,0170125501,0,00000000
2016-07-15 21:50:43.953000,0192643867,0,00000000
2016-07-15 21:50:51.609000,0163651482,0,00000000
2016-07-15 21:51:00.265000,0144116719,0,00000000
2016-07-15 21:51:12.062000,0171338542,0,00000000
2016-07-15 21:51:22.437000,0128096466,0,00000000
2016-07-15 21:51:33.781000,0128707445,0,00000000
2016-07-15 21:51:46.046000,0180965185,0,00000000
2016-07-15 21:52:56.828000,0158631205,0,00000000
2016-07-15 21:53:05.093000,0149965379,0,00000000
2016-07-15 21:53:12.703000,0112284345,0,00000000
2016-07-15 21:53:22.718000,0137127903,0,00000000
2016-07-15 21:53:31.546000,0104621372,0,00000000
2016-07-15 21:53:40.453000,0193991628,0,00000000
2016-07-15 21:53:50.750000,0113003182,0,00000000
2016-07-15 21:54:00.203000,0133347601,0,00000000
2016-07-15 21:54:16.187000,0136730601,0,00000000
2016-07-15 21:54:26.609000,0157751983,0,00000000
2016-07-15 21:54:41.359000,0186563956,0,00000000
2016-07-15 21:55:53.843000,0168347346,0,00000000
2016-07-15 21:56:00.171000,0154360127,0,00000000
2016-07-15 21:56:10.265000,0172462579,0,00000000
2016-07-15 21:56:20.750000,0194762178,0,00000000
2016-07-15 21:58:15.171000,0111966545,0,00000000
2016-07-15 21:59:08.125000,0135866904,0,00000000
2016-07-15 21:59:22.671000,0119370538,0,00000000
2016-07-15 21:59:46.687000,0156007802,0,00000000
2016-07-15 22:00:03.703000,0189074262,0,00000000
2016-07-15 22:02:05.062000,0189741419,2,0
